,ID,objects,rate,object,encoder,qual,dist,gqp_qual,tqp_qual,bitrate
0,1,BlueSpin_VPCC_r01_d200,1,BlueSpin,VPCC,r01,d200,36,47,
1,1,FlowerDance_VPCC_r03_d200,2,FlowerDance,VPCC,r03,d200,28,37,
2,1,ReadyForWinter_VPCC_r03_d200,3,ReadyForWinter,VPCC,r03,d200,28,37,
3,1,BlueSpin_VPCC_r05_d200,3,BlueSpin,VPCC,r05,d200,16,22,
4,1,ReadyForWinter_VPCC_r05_d200,3,ReadyForWinter,VPCC,r05,d200,16,22,
5,1,FlowerDance_VPCC_r01_d200,1,FlowerDance,VPCC,r01,d200,36,47,
6,1,FlowerDance_VPCC_r05_d200,3,FlowerDance,VPCC,r05,d200,16,22,
7,1,BlueSpin_VPCC_r03_d200,2,BlueSpin,VPCC,r03,d200,28,37,
8,1,BlueSpin_VPCC_r02_d200,2,BlueSpin,VPCC,r02,d200,32,42,
9,1,CasualSquat_VPCC_r05_d200,3,CasualSquat,VPCC,r05,d200,16,22,
10,1,BlueSpin_VPCC_r04_d200,3,BlueSpin,VPCC,r04,d200,20,27,
11,1,CasualSquat_VPCC_r03_d200,2,CasualSquat,VPCC,r03,d200,28,37,
12,1,ReadyForWinter_VPCC_r01_d200,1,ReadyForWinter,VPCC,r01,d200,36,47,
13,1,FlowerDance_VPCC_r02_d200,1,FlowerDance,VPCC,r02,d200,32,42,
14,1,CasualSquat_VPCC_r01_d200,1,CasualSquat,VPCC,r01,d200,36,47,
15,1,CasualSquat_VPCC_r04_d200,2,CasualSquat,VPCC,r04,d200,20,27,
16,1,ReadyForWinter_VPCC_r02_d200,2,ReadyForWinter,VPCC,r02,d200,32,42,
17,1,ReadyForWinter_VPCC_r04_d200,3,ReadyForWinter,VPCC,r04,d200,20,27,
18,1,CasualSquat_VPCC_r02_d200,2,CasualSquat,VPCC,r02,d200,32,42,
19,1,FlowerDance_VPCC_r04_d200,3,FlowerDance,VPCC,r04,d200,20,27,
20,2,CasualSquat_VPCC_r03_d200,3,CasualSquat,VPCC,r03,d200,28,37,
21,2,ReadyForWinter_VPCC_r01_d200,2,ReadyForWinter,VPCC,r01,d200,36,47,
22,2,CasualSquat_VPCC_r02_d200,3,CasualSquat,VPCC,r02,d200,32,42,
23,2,CasualSquat_VPCC_r05_d200,4,CasualSquat,VPCC,r05,d200,16,22,
24,2,BlueSpin_VPCC_r04_d200,4,BlueSpin,VPCC,r04,d200,20,27,
25,2,ReadyForWinter_VPCC_r04_d200,4,ReadyForWinter,VPCC,r04,d200,20,27,
26,2,BlueSpin_VPCC_r02_d200,3,BlueSpin,VPCC,r02,d200,32,42,
27,2,CasualSquat_VPCC_r01_d200,2,CasualSquat,VPCC,r01,d200,36,47,
28,2,ReadyForWinter_VPCC_r02_d200,3,ReadyForWinter,VPCC,r02,d200,32,42,
29,2,BlueSpin_VPCC_r01_d200,2,BlueSpin,VPCC,r01,d200,36,47,
30,2,CasualSquat_VPCC_r04_d200,4,CasualSquat,VPCC,r04,d200,20,27,
31,2,FlowerDance_VPCC_r04_d200,4,FlowerDance,VPCC,r04,d200,20,27,
32,2,FlowerDance_VPCC_r03_d200,4,FlowerDance,VPCC,r03,d200,28,37,
33,2,ReadyForWinter_VPCC_r03_d200,3,ReadyForWinter,VPCC,r03,d200,28,37,
34,2,BlueSpin_VPCC_r03_d200,3,BlueSpin,VPCC,r03,d200,28,37,
35,2,ReadyForWinter_VPCC_r05_d200,4,ReadyForWinter,VPCC,r05,d200,16,22,
36,2,BlueSpin_VPCC_r05_d200,4,BlueSpin,VPCC,r05,d200,16,22,
37,2,FlowerDance_VPCC_r01_d200,3,FlowerDance,VPCC,r01,d200,36,47,
38,2,FlowerDance_VPCC_r05_d200,5,FlowerDance,VPCC,r05,d200,16,22,
39,2,FlowerDance_VPCC_r02_d200,3,FlowerDance,VPCC,r02,d200,32,42,
40,3,ReadyForWinter_VPCC_r03_d200,1,ReadyForWinter,VPCC,r03,d200,28,37,
41,3,CasualSquat_VPCC_r02_d200,1,CasualSquat,VPCC,r02,d200,32,42,
42,3,ReadyForWinter_VPCC_r01_d200,2,ReadyForWinter,VPCC,r01,d200,36,47,
43,3,BlueSpin_VPCC_r01_d200,2,BlueSpin,VPCC,r01,d200,36,47,
44,3,FlowerDance_VPCC_r01_d200,2,FlowerDance,VPCC,r01,d200,36,47,
45,3,FlowerDance_VPCC_r03_d200,3,FlowerDance,VPCC,r03,d200,28,37,
46,3,BlueSpin_VPCC_r03_d200,2,BlueSpin,VPCC,r03,d200,28,37,
47,3,CasualSquat_VPCC_r01_d200,2,CasualSquat,VPCC,r01,d200,36,47,
48,3,FlowerDance_VPCC_r04_d200,2,FlowerDance,VPCC,r04,d200,20,27,
49,3,CasualSquat_VPCC_r03_d200,2,CasualSquat,VPCC,r03,d200,28,37,
50,3,BlueSpin_VPCC_r05_d200,2,BlueSpin,VPCC,r05,d200,16,22,
51,3,ReadyForWinter_VPCC_r02_d200,1,ReadyForWinter,VPCC,r02,d200,32,42,
52,3,ReadyForWinter_VPCC_r05_d200,2,ReadyForWinter,VPCC,r05,d200,16,22,
53,3,BlueSpin_VPCC_r02_d200,1,BlueSpin,VPCC,r02,d200,32,42,
54,3,FlowerDance_VPCC_r02_d200,2,FlowerDance,VPCC,r02,d200,32,42,
55,3,FlowerDance_VPCC_r05_d200,3,FlowerDance,VPCC,r05,d200,16,22,
56,3,CasualSquat_VPCC_r04_d200,3,CasualSquat,VPCC,r04,d200,20,27,
57,3,BlueSpin_VPCC_r04_d200,2,BlueSpin,VPCC,r04,d200,20,27,
58,3,ReadyForWinter_VPCC_r04_d200,2,ReadyForWinter,VPCC,r04,d200,20,27,
59,3,CasualSquat_VPCC_r05_d200,3,CasualSquat,VPCC,r05,d200,16,22,
60,4,ReadyForWinter_VPCC_r03_d200,3,ReadyForWinter,VPCC,r03,d200,28,37,
61,4,CasualSquat_VPCC_r05_d200,3,CasualSquat,VPCC,r05,d200,16,22,
62,4,BlueSpin_VPCC_r02_d200,2,BlueSpin,VPCC,r02,d200,32,42,
63,4,FlowerDance_VPCC_r03_d200,2,FlowerDance,VPCC,r03,d200,28,37,
64,4,FlowerDance_VPCC_r04_d200,3,FlowerDance,VPCC,r04,d200,20,27,
65,4,ReadyForWinter_VPCC_r05_d200,4,ReadyForWinter,VPCC,r05,d200,16,22,
66,4,ReadyForWinter_VPCC_r02_d200,2,ReadyForWinter,VPCC,r02,d200,32,42,
67,4,BlueSpin_VPCC_r03_d200,2,BlueSpin,VPCC,r03,d200,28,37,
68,4,ReadyForWinter_VPCC_r01_d200,1,ReadyForWinter,VPCC,r01,d200,36,47,
69,4,ReadyForWinter_VPCC_r04_d200,3,ReadyForWinter,VPCC,r04,d200,20,27,
70,4,BlueSpin_VPCC_r05_d200,3,BlueSpin,VPCC,r05,d200,16,22,
71,4,BlueSpin_VPCC_r01_d200,1,BlueSpin,VPCC,r01,d200,36,47,
72,4,FlowerDance_VPCC_r02_d200,2,FlowerDance,VPCC,r02,d200,32,42,
73,4,CasualSquat_VPCC_r04_d200,3,CasualSquat,VPCC,r04,d200,20,27,
74,4,CasualSquat_VPCC_r02_d200,2,CasualSquat,VPCC,r02,d200,32,42,
75,4,CasualSquat_VPCC_r01_d200,2,CasualSquat,VPCC,r01,d200,36,47,
76,4,FlowerDance_VPCC_r01_d200,1,FlowerDance,VPCC,r01,d200,36,47,
77,4,FlowerDance_VPCC_r05_d200,3,FlowerDance,VPCC,r05,d200,16,22,
78,4,BlueSpin_VPCC_r04_d200,2,BlueSpin,VPCC,r04,d200,20,27,
79,4,CasualSquat_VPCC_r03_d200,3,CasualSquat,VPCC,r03,d200,28,37,
80,5,FlowerDance_VPCC_r01_d200,2,FlowerDance,VPCC,r01,d200,36,47,
81,5,BlueSpin_VPCC_r01_d200,2,BlueSpin,VPCC,r01,d200,36,47,
82,5,ReadyForWinter_VPCC_r04_d200,3,ReadyForWinter,VPCC,r04,d200,20,27,
83,5,BlueSpin_VPCC_r05_d200,4,BlueSpin,VPCC,r05,d200,16,22,
84,5,FlowerDance_VPCC_r04_d200,4,FlowerDance,VPCC,r04,d200,20,27,
85,5,FlowerDance_VPCC_r03_d200,4,FlowerDance,VPCC,r03,d200,28,37,
86,5,BlueSpin_VPCC_r02_d200,1,BlueSpin,VPCC,r02,d200,32,42,
87,5,BlueSpin_VPCC_r04_d200,5,BlueSpin,VPCC,r04,d200,20,27,
88,5,CasualSquat_VPCC_r03_d200,4,CasualSquat,VPCC,r03,d200,28,37,
89,5,ReadyForWinter_VPCC_r02_d200,2,ReadyForWinter,VPCC,r02,d200,32,42,
90,5,FlowerDance_VPCC_r05_d200,5,FlowerDance,VPCC,r05,d200,16,22,
91,5,CasualSquat_VPCC_r01_d200,3,CasualSquat,VPCC,r01,d200,36,47,
92,5,CasualSquat_VPCC_r04_d200,3,CasualSquat,VPCC,r04,d200,20,27,
93,5,FlowerDance_VPCC_r02_d200,3,FlowerDance,VPCC,r02,d200,32,42,
94,5,BlueSpin_VPCC_r03_d200,3,BlueSpin,VPCC,r03,d200,28,37,
95,5,ReadyForWinter_VPCC_r01_d200,2,ReadyForWinter,VPCC,r01,d200,36,47,
96,5,ReadyForWinter_VPCC_r05_d200,5,ReadyForWinter,VPCC,r05,d200,16,22,
97,5,CasualSquat_VPCC_r02_d200,3,CasualSquat,VPCC,r02,d200,32,42,
98,5,ReadyForWinter_VPCC_r03_d200,2,ReadyForWinter,VPCC,r03,d200,28,37,
99,5,CasualSquat_VPCC_r05_d200,4,CasualSquat,VPCC,r05,d200,16,22,
100,6,CasualSquat_VPCC_r03_d200,3,CasualSquat,VPCC,r03,d200,28,37,
101,6,ReadyForWinter_VPCC_r04_d200,3,ReadyForWinter,VPCC,r04,d200,20,27,
102,6,FlowerDance_VPCC_r01_d200,1,FlowerDance,VPCC,r01,d200,36,47,
103,6,CasualSquat_VPCC_r04_d200,4,CasualSquat,VPCC,r04,d200,20,27,
104,6,FlowerDance_VPCC_r05_d200,4,FlowerDance,VPCC,r05,d200,16,22,
105,6,FlowerDance_VPCC_r03_d200,3,FlowerDance,VPCC,r03,d200,28,37,
106,6,ReadyForWinter_VPCC_r03_d200,3,ReadyForWinter,VPCC,r03,d200,28,37,
107,6,FlowerDance_VPCC_r02_d200,3,FlowerDance,VPCC,r02,d200,32,42,
108,6,ReadyForWinter_VPCC_r01_d200,3,ReadyForWinter,VPCC,r01,d200,36,47,
109,6,CasualSquat_VPCC_r02_d200,2,CasualSquat,VPCC,r02,d200,32,42,
110,6,CasualSquat_VPCC_r05_d200,4,CasualSquat,VPCC,r05,d200,16,22,
111,6,ReadyForWinter_VPCC_r02_d200,3,ReadyForWinter,VPCC,r02,d200,32,42,
112,6,BlueSpin_VPCC_r05_d200,4,BlueSpin,VPCC,r05,d200,16,22,
113,6,ReadyForWinter_VPCC_r05_d200,4,ReadyForWinter,VPCC,r05,d200,16,22,
114,6,BlueSpin_VPCC_r02_d200,2,BlueSpin,VPCC,r02,d200,32,42,
115,6,BlueSpin_VPCC_r03_d200,3,BlueSpin,VPCC,r03,d200,28,37,
116,6,BlueSpin_VPCC_r04_d200,3,BlueSpin,VPCC,r04,d200,20,27,
117,6,FlowerDance_VPCC_r04_d200,3,FlowerDance,VPCC,r04,d200,20,27,
118,6,CasualSquat_VPCC_r01_d200,2,CasualSquat,VPCC,r01,d200,36,47,
119,6,BlueSpin_VPCC_r01_d200,3,BlueSpin,VPCC,r01,d200,36,47,
120,7,CasualSquat_VPCC_r01_d200,1,CasualSquat,VPCC,r01,d200,36,47,
121,7,ReadyForWinter_VPCC_r03_d200,2,ReadyForWinter,VPCC,r03,d200,28,37,
122,7,CasualSquat_VPCC_r03_d200,2,CasualSquat,VPCC,r03,d200,28,37,
123,7,BlueSpin_VPCC_r01_d200,1,BlueSpin,VPCC,r01,d200,36,47,
124,7,FlowerDance_VPCC_r05_d200,4,FlowerDance,VPCC,r05,d200,16,22,
125,7,FlowerDance_VPCC_r04_d200,3,FlowerDance,VPCC,r04,d200,20,27,
126,7,ReadyForWinter_VPCC_r01_d200,1,ReadyForWinter,VPCC,r01,d200,36,47,
127,7,BlueSpin_VPCC_r05_d200,4,BlueSpin,VPCC,r05,d200,16,22,
128,7,CasualSquat_VPCC_r05_d200,2,CasualSquat,VPCC,r05,d200,16,22,
129,7,BlueSpin_VPCC_r02_d200,2,BlueSpin,VPCC,r02,d200,32,42,
130,7,ReadyForWinter_VPCC_r02_d200,1,ReadyForWinter,VPCC,r02,d200,32,42,
131,7,BlueSpin_VPCC_r03_d200,2,BlueSpin,VPCC,r03,d200,28,37,
132,7,CasualSquat_VPCC_r04_d200,4,CasualSquat,VPCC,r04,d200,20,27,
133,7,ReadyForWinter_VPCC_r04_d200,3,ReadyForWinter,VPCC,r04,d200,20,27,
134,7,CasualSquat_VPCC_r02_d200,2,CasualSquat,VPCC,r02,d200,32,42,
135,7,ReadyForWinter_VPCC_r05_d200,3,ReadyForWinter,VPCC,r05,d200,16,22,
136,7,FlowerDance_VPCC_r01_d200,2,FlowerDance,VPCC,r01,d200,36,47,
137,7,BlueSpin_VPCC_r04_d200,4,BlueSpin,VPCC,r04,d200,20,27,
138,7,FlowerDance_VPCC_r03_d200,3,FlowerDance,VPCC,r03,d200,28,37,
139,7,FlowerDance_VPCC_r02_d200,2,FlowerDance,VPCC,r02,d200,32,42,
140,8,ReadyForWinter_VPCC_r03_d200,5,ReadyForWinter,VPCC,r03,d200,28,37,
141,8,BlueSpin_VPCC_r01_d200,1,BlueSpin,VPCC,r01,d200,36,47,
142,8,FlowerDance_VPCC_r01_d200,1,FlowerDance,VPCC,r01,d200,36,47,
143,8,CasualSquat_VPCC_r05_d200,4,CasualSquat,VPCC,r05,d200,16,22,
144,8,ReadyForWinter_VPCC_r04_d200,4,ReadyForWinter,VPCC,r04,d200,20,27,
145,8,ReadyForWinter_VPCC_r01_d200,2,ReadyForWinter,VPCC,r01,d200,36,47,
146,8,FlowerDance_VPCC_r03_d200,3,FlowerDance,VPCC,r03,d200,28,37,
147,8,ReadyForWinter_VPCC_r02_d200,3,ReadyForWinter,VPCC,r02,d200,32,42,
148,8,BlueSpin_VPCC_r02_d200,2,BlueSpin,VPCC,r02,d200,32,42,
149,8,FlowerDance_VPCC_r02_d200,1,FlowerDance,VPCC,r02,d200,32,42,
150,8,CasualSquat_VPCC_r01_d200,2,CasualSquat,VPCC,r01,d200,36,47,
151,8,BlueSpin_VPCC_r03_d200,4,BlueSpin,VPCC,r03,d200,28,37,
152,8,FlowerDance_VPCC_r04_d200,4,FlowerDance,VPCC,r04,d200,20,27,
153,8,ReadyForWinter_VPCC_r05_d200,4,ReadyForWinter,VPCC,r05,d200,16,22,
154,8,BlueSpin_VPCC_r05_d200,5,BlueSpin,VPCC,r05,d200,16,22,
155,8,BlueSpin_VPCC_r04_d200,5,BlueSpin,VPCC,r04,d200,20,27,
156,8,CasualSquat_VPCC_r04_d200,4,CasualSquat,VPCC,r04,d200,20,27,
157,8,CasualSquat_VPCC_r03_d200,2,CasualSquat,VPCC,r03,d200,28,37,
158,8,FlowerDance_VPCC_r05_d200,3,FlowerDance,VPCC,r05,d200,16,22,
159,8,CasualSquat_VPCC_r02_d200,3,CasualSquat,VPCC,r02,d200,32,42,
160,9,ReadyForWinter_VPCC_r05_d200,3,ReadyForWinter,VPCC,r05,d200,16,22,
161,9,FlowerDance_VPCC_r03_d200,2,FlowerDance,VPCC,r03,d200,28,37,
162,9,BlueSpin_VPCC_r03_d200,2,BlueSpin,VPCC,r03,d200,28,37,
163,9,ReadyForWinter_VPCC_r03_d200,2,ReadyForWinter,VPCC,r03,d200,28,37,
164,9,BlueSpin_VPCC_r02_d200,2,BlueSpin,VPCC,r02,d200,32,42,
165,9,BlueSpin_VPCC_r04_d200,3,BlueSpin,VPCC,r04,d200,20,27,
166,9,CasualSquat_VPCC_r01_d200,1,CasualSquat,VPCC,r01,d200,36,47,
167,9,FlowerDance_VPCC_r04_d200,3,FlowerDance,VPCC,r04,d200,20,27,
168,9,FlowerDance_VPCC_r02_d200,2,FlowerDance,VPCC,r02,d200,32,42,
169,9,CasualSquat_VPCC_r05_d200,3,CasualSquat,VPCC,r05,d200,16,22,
170,9,ReadyForWinter_VPCC_r04_d200,2,ReadyForWinter,VPCC,r04,d200,20,27,
171,9,ReadyForWinter_VPCC_r01_d200,1,ReadyForWinter,VPCC,r01,d200,36,47,
172,9,CasualSquat_VPCC_r02_d200,2,CasualSquat,VPCC,r02,d200,32,42,
173,9,BlueSpin_VPCC_r05_d200,3,BlueSpin,VPCC,r05,d200,16,22,
174,9,FlowerDance_VPCC_r05_d200,4,FlowerDance,VPCC,r05,d200,16,22,
175,9,BlueSpin_VPCC_r01_d200,1,BlueSpin,VPCC,r01,d200,36,47,
176,9,FlowerDance_VPCC_r01_d200,2,FlowerDance,VPCC,r01,d200,36,47,
177,9,CasualSquat_VPCC_r03_d200,2,CasualSquat,VPCC,r03,d200,28,37,
178,9,ReadyForWinter_VPCC_r02_d200,2,ReadyForWinter,VPCC,r02,d200,32,42,
179,9,CasualSquat_VPCC_r04_d200,2,CasualSquat,VPCC,r04,d200,20,27,
180,10,FlowerDance_VPCC_r04_d200,3,FlowerDance,VPCC,r04,d200,20,27,
181,10,FlowerDance_VPCC_r02_d200,2,FlowerDance,VPCC,r02,d200,32,42,
182,10,CasualSquat_VPCC_r05_d200,4,CasualSquat,VPCC,r05,d200,16,22,
183,10,BlueSpin_VPCC_r03_d200,2,BlueSpin,VPCC,r03,d200,28,37,
184,10,BlueSpin_VPCC_r05_d200,3,BlueSpin,VPCC,r05,d200,16,22,
185,10,BlueSpin_VPCC_r02_d200,1,BlueSpin,VPCC,r02,d200,32,42,
186,10,CasualSquat_VPCC_r01_d200,1,CasualSquat,VPCC,r01,d200,36,47,
187,10,FlowerDance_VPCC_r05_d200,4,FlowerDance,VPCC,r05,d200,16,22,
188,10,CasualSquat_VPCC_r03_d200,2,CasualSquat,VPCC,r03,d200,28,37,
189,10,CasualSquat_VPCC_r04_d200,2,CasualSquat,VPCC,r04,d200,20,27,
190,10,BlueSpin_VPCC_r01_d200,1,BlueSpin,VPCC,r01,d200,36,47,
191,10,ReadyForWinter_VPCC_r02_d200,2,ReadyForWinter,VPCC,r02,d200,32,42,
192,10,ReadyForWinter_VPCC_r03_d200,2,ReadyForWinter,VPCC,r03,d200,28,37,
193,10,CasualSquat_VPCC_r02_d200,3,CasualSquat,VPCC,r02,d200,32,42,
194,10,ReadyForWinter_VPCC_r01_d200,1,ReadyForWinter,VPCC,r01,d200,36,47,
195,10,ReadyForWinter_VPCC_r04_d200,4,ReadyForWinter,VPCC,r04,d200,20,27,
196,10,FlowerDance_VPCC_r03_d200,2,FlowerDance,VPCC,r03,d200,28,37,
197,10,BlueSpin_VPCC_r04_d200,4,BlueSpin,VPCC,r04,d200,20,27,
198,10,ReadyForWinter_VPCC_r05_d200,3,ReadyForWinter,VPCC,r05,d200,16,22,
199,10,FlowerDance_VPCC_r01_d200,2,FlowerDance,VPCC,r01,d200,36,47,
200,11,ReadyForWinter_VPCC_r04_d200,4,ReadyForWinter,VPCC,r04,d200,20,27,
201,11,FlowerDance_VPCC_r03_d200,3,FlowerDance,VPCC,r03,d200,28,37,
202,11,BlueSpin_VPCC_r02_d200,2,BlueSpin,VPCC,r02,d200,32,42,
203,11,ReadyForWinter_VPCC_r02_d200,2,ReadyForWinter,VPCC,r02,d200,32,42,
204,11,CasualSquat_VPCC_r04_d200,4,CasualSquat,VPCC,r04,d200,20,27,
205,11,BlueSpin_VPCC_r05_d200,4,BlueSpin,VPCC,r05,d200,16,22,
206,11,BlueSpin_VPCC_r03_d200,3,BlueSpin,VPCC,r03,d200,28,37,
207,11,CasualSquat_VPCC_r05_d200,4,CasualSquat,VPCC,r05,d200,16,22,
208,11,ReadyForWinter_VPCC_r01_d200,2,ReadyForWinter,VPCC,r01,d200,36,47,
209,11,FlowerDance_VPCC_r02_d200,3,FlowerDance,VPCC,r02,d200,32,42,
210,11,CasualSquat_VPCC_r02_d200,3,CasualSquat,VPCC,r02,d200,32,42,
211,11,FlowerDance_VPCC_r01_d200,2,FlowerDance,VPCC,r01,d200,36,47,
212,11,FlowerDance_VPCC_r05_d200,3,FlowerDance,VPCC,r05,d200,16,22,
213,11,CasualSquat_VPCC_r03_d200,4,CasualSquat,VPCC,r03,d200,28,37,
214,11,BlueSpin_VPCC_r04_d200,3,BlueSpin,VPCC,r04,d200,20,27,
215,11,FlowerDance_VPCC_r04_d200,4,FlowerDance,VPCC,r04,d200,20,27,
216,11,BlueSpin_VPCC_r01_d200,1,BlueSpin,VPCC,r01,d200,36,47,
217,11,ReadyForWinter_VPCC_r03_d200,3,ReadyForWinter,VPCC,r03,d200,28,37,
218,11,ReadyForWinter_VPCC_r05_d200,3,ReadyForWinter,VPCC,r05,d200,16,22,
219,11,CasualSquat_VPCC_r01_d200,3,CasualSquat,VPCC,r01,d200,36,47,
220,12,FlowerDance_VPCC_r04_d200,3,FlowerDance,VPCC,r04,d200,20,27,
221,12,FlowerDance_VPCC_r01_d200,1,FlowerDance,VPCC,r01,d200,36,47,
222,12,ReadyForWinter_VPCC_r05_d200,4,ReadyForWinter,VPCC,r05,d200,16,22,
223,12,CasualSquat_VPCC_r03_d200,3,CasualSquat,VPCC,r03,d200,28,37,
224,12,FlowerDance_VPCC_r03_d200,3,FlowerDance,VPCC,r03,d200,28,37,
225,12,CasualSquat_VPCC_r04_d200,3,CasualSquat,VPCC,r04,d200,20,27,
226,12,BlueSpin_VPCC_r01_d200,1,BlueSpin,VPCC,r01,d200,36,47,
227,12,BlueSpin_VPCC_r04_d200,4,BlueSpin,VPCC,r04,d200,20,27,
228,12,FlowerDance_VPCC_r02_d200,3,FlowerDance,VPCC,r02,d200,32,42,
229,12,CasualSquat_VPCC_r05_d200,4,CasualSquat,VPCC,r05,d200,16,22,
230,12,BlueSpin_VPCC_r05_d200,3,BlueSpin,VPCC,r05,d200,16,22,
231,12,FlowerDance_VPCC_r05_d200,4,FlowerDance,VPCC,r05,d200,16,22,
232,12,CasualSquat_VPCC_r02_d200,3,CasualSquat,VPCC,r02,d200,32,42,
233,12,ReadyForWinter_VPCC_r01_d200,2,ReadyForWinter,VPCC,r01,d200,36,47,
234,12,BlueSpin_VPCC_r03_d200,4,BlueSpin,VPCC,r03,d200,28,37,
235,12,ReadyForWinter_VPCC_r03_d200,3,ReadyForWinter,VPCC,r03,d200,28,37,
236,12,CasualSquat_VPCC_r01_d200,2,CasualSquat,VPCC,r01,d200,36,47,
237,12,ReadyForWinter_VPCC_r04_d200,4,ReadyForWinter,VPCC,r04,d200,20,27,
238,12,BlueSpin_VPCC_r02_d200,3,BlueSpin,VPCC,r02,d200,32,42,
239,12,ReadyForWinter_VPCC_r02_d200,3,ReadyForWinter,VPCC,r02,d200,32,42,
240,13,ReadyForWinter_VPCC_r01_d200,1,ReadyForWinter,VPCC,r01,d200,36,47,
241,13,ReadyForWinter_VPCC_r03_d200,2,ReadyForWinter,VPCC,r03,d200,28,37,
242,13,ReadyForWinter_VPCC_r04_d200,3,ReadyForWinter,VPCC,r04,d200,20,27,
243,13,ReadyForWinter_VPCC_r02_d200,2,ReadyForWinter,VPCC,r02,d200,32,42,
244,13,CasualSquat_VPCC_r01_d200,3,CasualSquat,VPCC,r01,d200,36,47,
245,13,ReadyForWinter_VPCC_r05_d200,3,ReadyForWinter,VPCC,r05,d200,16,22,
246,13,BlueSpin_VPCC_r02_d200,2,BlueSpin,VPCC,r02,d200,32,42,
247,13,FlowerDance_VPCC_r01_d200,2,FlowerDance,VPCC,r01,d200,36,47,
248,13,BlueSpin_VPCC_r04_d200,3,BlueSpin,VPCC,r04,d200,20,27,
249,13,FlowerDance_VPCC_r02_d200,1,FlowerDance,VPCC,r02,d200,32,42,
250,13,CasualSquat_VPCC_r03_d200,2,CasualSquat,VPCC,r03,d200,28,37,
251,13,CasualSquat_VPCC_r02_d200,2,CasualSquat,VPCC,r02,d200,32,42,
252,13,FlowerDance_VPCC_r05_d200,3,FlowerDance,VPCC,r05,d200,16,22,
253,13,BlueSpin_VPCC_r05_d200,3,BlueSpin,VPCC,r05,d200,16,22,
254,13,BlueSpin_VPCC_r01_d200,1,BlueSpin,VPCC,r01,d200,36,47,
255,13,BlueSpin_VPCC_r03_d200,2,BlueSpin,VPCC,r03,d200,28,37,
256,13,FlowerDance_VPCC_r03_d200,2,FlowerDance,VPCC,r03,d200,28,37,
257,13,FlowerDance_VPCC_r04_d200,3,FlowerDance,VPCC,r04,d200,20,27,
258,13,CasualSquat_VPCC_r05_d200,2,CasualSquat,VPCC,r05,d200,16,22,
259,13,CasualSquat_VPCC_r04_d200,2,CasualSquat,VPCC,r04,d200,20,27,
260,14,ReadyForWinter_VPCC_r01_d200,3,ReadyForWinter,VPCC,r01,d200,36,47,
261,14,FlowerDance_VPCC_r01_d200,2,FlowerDance,VPCC,r01,d200,36,47,
262,14,BlueSpin_VPCC_r01_d200,2,BlueSpin,VPCC,r01,d200,36,47,
263,14,CasualSquat_VPCC_r03_d200,4,CasualSquat,VPCC,r03,d200,28,37,
264,14,BlueSpin_VPCC_r04_d200,3,BlueSpin,VPCC,r04,d200,20,27,
265,14,BlueSpin_VPCC_r03_d200,3,BlueSpin,VPCC,r03,d200,28,37,
266,14,FlowerDance_VPCC_r04_d200,3,FlowerDance,VPCC,r04,d200,20,27,
267,14,CasualSquat_VPCC_r02_d200,2,CasualSquat,VPCC,r02,d200,32,42,
268,14,BlueSpin_VPCC_r05_d200,4,BlueSpin,VPCC,r05,d200,16,22,
269,14,ReadyForWinter_VPCC_r02_d200,2,ReadyForWinter,VPCC,r02,d200,32,42,
270,14,CasualSquat_VPCC_r05_d200,3,CasualSquat,VPCC,r05,d200,16,22,
271,14,ReadyForWinter_VPCC_r03_d200,3,ReadyForWinter,VPCC,r03,d200,28,37,
272,14,FlowerDance_VPCC_r05_d200,4,FlowerDance,VPCC,r05,d200,16,22,
273,14,FlowerDance_VPCC_r02_d200,3,FlowerDance,VPCC,r02,d200,32,42,
274,14,ReadyForWinter_VPCC_r04_d200,3,ReadyForWinter,VPCC,r04,d200,20,27,
275,14,CasualSquat_VPCC_r01_d200,1,CasualSquat,VPCC,r01,d200,36,47,
276,14,ReadyForWinter_VPCC_r05_d200,4,ReadyForWinter,VPCC,r05,d200,16,22,
277,14,CasualSquat_VPCC_r04_d200,3,CasualSquat,VPCC,r04,d200,20,27,
278,14,BlueSpin_VPCC_r02_d200,2,BlueSpin,VPCC,r02,d200,32,42,
279,14,FlowerDance_VPCC_r03_d200,3,FlowerDance,VPCC,r03,d200,28,37,
280,15,BlueSpin_VPCC_r02_d200,3,BlueSpin,VPCC,r02,d200,32,42,
281,15,FlowerDance_VPCC_r04_d200,4,FlowerDance,VPCC,r04,d200,20,27,
282,15,CasualSquat_VPCC_r05_d200,4,CasualSquat,VPCC,r05,d200,16,22,
283,15,ReadyForWinter_VPCC_r01_d200,1,ReadyForWinter,VPCC,r01,d200,36,47,
284,15,BlueSpin_VPCC_r03_d200,3,BlueSpin,VPCC,r03,d200,28,37,
285,15,ReadyForWinter_VPCC_r03_d200,3,ReadyForWinter,VPCC,r03,d200,28,37,
286,15,FlowerDance_VPCC_r01_d200,1,FlowerDance,VPCC,r01,d200,36,47,
287,15,BlueSpin_VPCC_r05_d200,4,BlueSpin,VPCC,r05,d200,16,22,
288,15,ReadyForWinter_VPCC_r02_d200,1,ReadyForWinter,VPCC,r02,d200,32,42,
289,15,CasualSquat_VPCC_r04_d200,5,CasualSquat,VPCC,r04,d200,20,27,
290,15,FlowerDance_VPCC_r05_d200,4,FlowerDance,VPCC,r05,d200,16,22,
291,15,CasualSquat_VPCC_r02_d200,3,CasualSquat,VPCC,r02,d200,32,42,
292,15,FlowerDance_VPCC_r02_d200,2,FlowerDance,VPCC,r02,d200,32,42,
293,15,ReadyForWinter_VPCC_r05_d200,5,ReadyForWinter,VPCC,r05,d200,16,22,
294,15,ReadyForWinter_VPCC_r04_d200,5,ReadyForWinter,VPCC,r04,d200,20,27,
295,15,BlueSpin_VPCC_r01_d200,1,BlueSpin,VPCC,r01,d200,36,47,
296,15,BlueSpin_VPCC_r04_d200,5,BlueSpin,VPCC,r04,d200,20,27,
297,15,CasualSquat_VPCC_r03_d200,3,CasualSquat,VPCC,r03,d200,28,37,
298,15,FlowerDance_VPCC_r03_d200,4,FlowerDance,VPCC,r03,d200,28,37,
299,15,CasualSquat_VPCC_r01_d200,2,CasualSquat,VPCC,r01,d200,36,47,
300,16,BlueSpin_VPCC_r05_d200,2,BlueSpin,VPCC,r05,d200,16,22,
301,16,BlueSpin_VPCC_r01_d200,1,BlueSpin,VPCC,r01,d200,36,47,
302,16,ReadyForWinter_VPCC_r02_d200,3,ReadyForWinter,VPCC,r02,d200,32,42,
303,16,ReadyForWinter_VPCC_r03_d200,4,ReadyForWinter,VPCC,r03,d200,28,37,
304,16,BlueSpin_VPCC_r03_d200,2,BlueSpin,VPCC,r03,d200,28,37,
305,16,FlowerDance_VPCC_r02_d200,2,FlowerDance,VPCC,r02,d200,32,42,
306,16,ReadyForWinter_VPCC_r01_d200,1,ReadyForWinter,VPCC,r01,d200,36,47,
307,16,FlowerDance_VPCC_r04_d200,3,FlowerDance,VPCC,r04,d200,20,27,
308,16,CasualSquat_VPCC_r04_d200,4,CasualSquat,VPCC,r04,d200,20,27,
309,16,CasualSquat_VPCC_r02_d200,2,CasualSquat,VPCC,r02,d200,32,42,
310,16,ReadyForWinter_VPCC_r05_d200,4,ReadyForWinter,VPCC,r05,d200,16,22,
311,16,BlueSpin_VPCC_r02_d200,2,BlueSpin,VPCC,r02,d200,32,42,
312,16,CasualSquat_VPCC_r01_d200,2,CasualSquat,VPCC,r01,d200,36,47,
313,16,FlowerDance_VPCC_r05_d200,4,FlowerDance,VPCC,r05,d200,16,22,
314,16,ReadyForWinter_VPCC_r04_d200,4,ReadyForWinter,VPCC,r04,d200,20,27,
315,16,CasualSquat_VPCC_r03_d200,3,CasualSquat,VPCC,r03,d200,28,37,
316,16,FlowerDance_VPCC_r01_d200,1,FlowerDance,VPCC,r01,d200,36,47,
317,16,CasualSquat_VPCC_r05_d200,5,CasualSquat,VPCC,r05,d200,16,22,
318,16,BlueSpin_VPCC_r04_d200,1,BlueSpin,VPCC,r04,d200,20,27,
319,16,FlowerDance_VPCC_r03_d200,2,FlowerDance,VPCC,r03,d200,28,37,
320,17,FlowerDance_VPCC_r05_d200,3,FlowerDance,VPCC,r05,d200,16,22,
321,17,ReadyForWinter_VPCC_r05_d200,4,ReadyForWinter,VPCC,r05,d200,16,22,
322,17,FlowerDance_VPCC_r02_d200,2,FlowerDance,VPCC,r02,d200,32,42,
323,17,ReadyForWinter_VPCC_r03_d200,3,ReadyForWinter,VPCC,r03,d200,28,37,
324,17,BlueSpin_VPCC_r02_d200,2,BlueSpin,VPCC,r02,d200,32,42,
325,17,ReadyForWinter_VPCC_r01_d200,1,ReadyForWinter,VPCC,r01,d200,36,47,
326,17,CasualSquat_VPCC_r04_d200,3,CasualSquat,VPCC,r04,d200,20,27,
327,17,FlowerDance_VPCC_r01_d200,2,FlowerDance,VPCC,r01,d200,36,47,
328,17,CasualSquat_VPCC_r03_d200,3,CasualSquat,VPCC,r03,d200,28,37,
329,17,BlueSpin_VPCC_r01_d200,2,BlueSpin,VPCC,r01,d200,36,47,
330,17,ReadyForWinter_VPCC_r04_d200,4,ReadyForWinter,VPCC,r04,d200,20,27,
331,17,CasualSquat_VPCC_r05_d200,4,CasualSquat,VPCC,r05,d200,16,22,
332,17,FlowerDance_VPCC_r03_d200,3,FlowerDance,VPCC,r03,d200,28,37,
333,17,BlueSpin_VPCC_r05_d200,3,BlueSpin,VPCC,r05,d200,16,22,
334,17,BlueSpin_VPCC_r03_d200,2,BlueSpin,VPCC,r03,d200,28,37,
335,17,FlowerDance_VPCC_r04_d200,3,FlowerDance,VPCC,r04,d200,20,27,
336,17,BlueSpin_VPCC_r04_d200,3,BlueSpin,VPCC,r04,d200,20,27,
337,17,CasualSquat_VPCC_r02_d200,3,CasualSquat,VPCC,r02,d200,32,42,
338,17,CasualSquat_VPCC_r01_d200,1,CasualSquat,VPCC,r01,d200,36,47,
339,17,ReadyForWinter_VPCC_r02_d200,2,ReadyForWinter,VPCC,r02,d200,32,42,
340,18,CasualSquat_VPCC_r04_d200,5,CasualSquat,VPCC,r04,d200,20,27,
341,18,CasualSquat_VPCC_r05_d200,5,CasualSquat,VPCC,r05,d200,16,22,
342,18,BlueSpin_VPCC_r02_d200,4,BlueSpin,VPCC,r02,d200,32,42,
343,18,BlueSpin_VPCC_r04_d200,4,BlueSpin,VPCC,r04,d200,20,27,
344,18,BlueSpin_VPCC_r03_d200,5,BlueSpin,VPCC,r03,d200,28,37,
345,18,CasualSquat_VPCC_r03_d200,5,CasualSquat,VPCC,r03,d200,28,37,
346,18,FlowerDance_VPCC_r02_d200,5,FlowerDance,VPCC,r02,d200,32,42,
347,18,CasualSquat_VPCC_r01_d200,4,CasualSquat,VPCC,r01,d200,36,47,
348,18,ReadyForWinter_VPCC_r04_d200,4,ReadyForWinter,VPCC,r04,d200,20,27,
349,18,ReadyForWinter_VPCC_r03_d200,4,ReadyForWinter,VPCC,r03,d200,28,37,
350,18,FlowerDance_VPCC_r05_d200,5,FlowerDance,VPCC,r05,d200,16,22,
351,18,ReadyForWinter_VPCC_r02_d200,3,ReadyForWinter,VPCC,r02,d200,32,42,
352,18,BlueSpin_VPCC_r05_d200,4,BlueSpin,VPCC,r05,d200,16,22,
353,18,FlowerDance_VPCC_r03_d200,5,FlowerDance,VPCC,r03,d200,28,37,
354,18,CasualSquat_VPCC_r02_d200,5,CasualSquat,VPCC,r02,d200,32,42,
355,18,FlowerDance_VPCC_r04_d200,5,FlowerDance,VPCC,r04,d200,20,27,
356,18,ReadyForWinter_VPCC_r05_d200,4,ReadyForWinter,VPCC,r05,d200,16,22,
357,18,BlueSpin_VPCC_r01_d200,2,BlueSpin,VPCC,r01,d200,36,47,
358,18,FlowerDance_VPCC_r01_d200,3,FlowerDance,VPCC,r01,d200,36,47,
359,18,ReadyForWinter_VPCC_r01_d200,2,ReadyForWinter,VPCC,r01,d200,36,47,
360,19,FlowerDance_VPCC_r01_d200,2,FlowerDance,VPCC,r01,d200,36,47,
361,19,ReadyForWinter_VPCC_r03_d200,4,ReadyForWinter,VPCC,r03,d200,28,37,
362,19,FlowerDance_VPCC_r02_d200,3,FlowerDance,VPCC,r02,d200,32,42,
363,19,ReadyForWinter_VPCC_r01_d200,3,ReadyForWinter,VPCC,r01,d200,36,47,
364,19,CasualSquat_VPCC_r04_d200,5,CasualSquat,VPCC,r04,d200,20,27,
365,19,CasualSquat_VPCC_r02_d200,3,CasualSquat,VPCC,r02,d200,32,42,
366,19,ReadyForWinter_VPCC_r05_d200,5,ReadyForWinter,VPCC,r05,d200,16,22,
367,19,FlowerDance_VPCC_r04_d200,5,FlowerDance,VPCC,r04,d200,20,27,
368,19,FlowerDance_VPCC_r05_d200,4,FlowerDance,VPCC,r05,d200,16,22,
369,19,ReadyForWinter_VPCC_r02_d200,2,ReadyForWinter,VPCC,r02,d200,32,42,
370,19,CasualSquat_VPCC_r05_d200,4,CasualSquat,VPCC,r05,d200,16,22,
371,19,BlueSpin_VPCC_r01_d200,1,BlueSpin,VPCC,r01,d200,36,47,
372,19,CasualSquat_VPCC_r01_d200,1,CasualSquat,VPCC,r01,d200,36,47,
373,19,BlueSpin_VPCC_r05_d200,4,BlueSpin,VPCC,r05,d200,16,22,
374,19,FlowerDance_VPCC_r03_d200,4,FlowerDance,VPCC,r03,d200,28,37,
375,19,ReadyForWinter_VPCC_r04_d200,4,ReadyForWinter,VPCC,r04,d200,20,27,
376,19,BlueSpin_VPCC_r03_d200,3,BlueSpin,VPCC,r03,d200,28,37,
377,19,BlueSpin_VPCC_r04_d200,3,BlueSpin,VPCC,r04,d200,20,27,
378,19,CasualSquat_VPCC_r03_d200,2,CasualSquat,VPCC,r03,d200,28,37,
379,19,BlueSpin_VPCC_r02_d200,2,BlueSpin,VPCC,r02,d200,32,42,
380,20,CasualSquat_VPCC_r04_d200,4,CasualSquat,VPCC,r04,d200,20,27,
381,20,CasualSquat_VPCC_r02_d200,3,CasualSquat,VPCC,r02,d200,32,42,
382,20,ReadyForWinter_VPCC_r02_d200,1,ReadyForWinter,VPCC,r02,d200,32,42,
383,20,BlueSpin_VPCC_r02_d200,2,BlueSpin,VPCC,r02,d200,32,42,
384,20,BlueSpin_VPCC_r03_d200,2,BlueSpin,VPCC,r03,d200,28,37,
385,20,FlowerDance_VPCC_r05_d200,4,FlowerDance,VPCC,r05,d200,16,22,
386,20,FlowerDance_VPCC_r01_d200,2,FlowerDance,VPCC,r01,d200,36,47,
387,20,FlowerDance_VPCC_r03_d200,2,FlowerDance,VPCC,r03,d200,28,37,
388,20,BlueSpin_VPCC_r04_d200,3,BlueSpin,VPCC,r04,d200,20,27,
389,20,ReadyForWinter_VPCC_r01_d200,1,ReadyForWinter,VPCC,r01,d200,36,47,
390,20,FlowerDance_VPCC_r02_d200,2,FlowerDance,VPCC,r02,d200,32,42,
391,20,ReadyForWinter_VPCC_r05_d200,3,ReadyForWinter,VPCC,r05,d200,16,22,
392,20,BlueSpin_VPCC_r01_d200,1,BlueSpin,VPCC,r01,d200,36,47,
393,20,CasualSquat_VPCC_r03_d200,2,CasualSquat,VPCC,r03,d200,28,37,
394,20,FlowerDance_VPCC_r04_d200,4,FlowerDance,VPCC,r04,d200,20,27,
395,20,ReadyForWinter_VPCC_r04_d200,4,ReadyForWinter,VPCC,r04,d200,20,27,
396,20,CasualSquat_VPCC_r01_d200,1,CasualSquat,VPCC,r01,d200,36,47,
397,20,ReadyForWinter_VPCC_r03_d200,3,ReadyForWinter,VPCC,r03,d200,28,37,
398,20,BlueSpin_VPCC_r05_d200,3,BlueSpin,VPCC,r05,d200,16,22,
399,20,CasualSquat_VPCC_r05_d200,4,CasualSquat,VPCC,r05,d200,16,22,
400,21,FlowerDance_VPCC_r03_d200,3,FlowerDance,VPCC,r03,d200,28,37,
401,21,FlowerDance_VPCC_r05_d200,5,FlowerDance,VPCC,r05,d200,16,22,
402,21,CasualSquat_VPCC_r01_d200,2,CasualSquat,VPCC,r01,d200,36,47,
403,21,ReadyForWinter_VPCC_r02_d200,4,ReadyForWinter,VPCC,r02,d200,32,42,
404,21,CasualSquat_VPCC_r05_d200,5,CasualSquat,VPCC,r05,d200,16,22,
405,21,BlueSpin_VPCC_r05_d200,3,BlueSpin,VPCC,r05,d200,16,22,
406,21,CasualSquat_VPCC_r03_d200,3,CasualSquat,VPCC,r03,d200,28,37,
407,21,FlowerDance_VPCC_r02_d200,3,FlowerDance,VPCC,r02,d200,32,42,
408,21,BlueSpin_VPCC_r01_d200,2,BlueSpin,VPCC,r01,d200,36,47,
409,21,BlueSpin_VPCC_r02_d200,2,BlueSpin,VPCC,r02,d200,32,42,
410,21,CasualSquat_VPCC_r02_d200,3,CasualSquat,VPCC,r02,d200,32,42,
411,21,CasualSquat_VPCC_r04_d200,2,CasualSquat,VPCC,r04,d200,20,27,
412,21,ReadyForWinter_VPCC_r04_d200,3,ReadyForWinter,VPCC,r04,d200,20,27,
413,21,ReadyForWinter_VPCC_r03_d200,2,ReadyForWinter,VPCC,r03,d200,28,37,
414,21,BlueSpin_VPCC_r03_d200,3,BlueSpin,VPCC,r03,d200,28,37,
415,21,FlowerDance_VPCC_r04_d200,4,FlowerDance,VPCC,r04,d200,20,27,
416,21,ReadyForWinter_VPCC_r05_d200,4,ReadyForWinter,VPCC,r05,d200,16,22,
417,21,ReadyForWinter_VPCC_r01_d200,3,ReadyForWinter,VPCC,r01,d200,36,47,
418,21,FlowerDance_VPCC_r01_d200,2,FlowerDance,VPCC,r01,d200,36,47,
419,21,BlueSpin_VPCC_r04_d200,3,BlueSpin,VPCC,r04,d200,20,27,
420,22,FlowerDance_VPCC_r03_d200,2,FlowerDance,VPCC,r03,d200,28,37,
421,22,CasualSquat_VPCC_r03_d200,1,CasualSquat,VPCC,r03,d200,28,37,
422,22,BlueSpin_VPCC_r03_d200,2,BlueSpin,VPCC,r03,d200,28,37,
423,22,ReadyForWinter_VPCC_r01_d200,1,ReadyForWinter,VPCC,r01,d200,36,47,
424,22,BlueSpin_VPCC_r02_d200,1,BlueSpin,VPCC,r02,d200,32,42,
425,22,FlowerDance_VPCC_r02_d200,2,FlowerDance,VPCC,r02,d200,32,42,
426,22,FlowerDance_VPCC_r04_d200,3,FlowerDance,VPCC,r04,d200,20,27,
427,22,FlowerDance_VPCC_r05_d200,3,FlowerDance,VPCC,r05,d200,16,22,
428,22,CasualSquat_VPCC_r04_d200,2,CasualSquat,VPCC,r04,d200,20,27,
429,22,ReadyForWinter_VPCC_r03_d200,2,ReadyForWinter,VPCC,r03,d200,28,37,
430,22,BlueSpin_VPCC_r05_d200,3,BlueSpin,VPCC,r05,d200,16,22,
431,22,BlueSpin_VPCC_r04_d200,3,BlueSpin,VPCC,r04,d200,20,27,
432,22,CasualSquat_VPCC_r02_d200,1,CasualSquat,VPCC,r02,d200,32,42,
433,22,CasualSquat_VPCC_r05_d200,4,CasualSquat,VPCC,r05,d200,16,22,
434,22,FlowerDance_VPCC_r01_d200,1,FlowerDance,VPCC,r01,d200,36,47,
435,22,BlueSpin_VPCC_r01_d200,1,BlueSpin,VPCC,r01,d200,36,47,
436,22,ReadyForWinter_VPCC_r04_d200,3,ReadyForWinter,VPCC,r04,d200,20,27,
437,22,ReadyForWinter_VPCC_r02_d200,2,ReadyForWinter,VPCC,r02,d200,32,42,
438,22,ReadyForWinter_VPCC_r05_d200,3,ReadyForWinter,VPCC,r05,d200,16,22,
439,22,CasualSquat_VPCC_r01_d200,1,CasualSquat,VPCC,r01,d200,36,47,
440,23,CasualSquat_VPCC_r02_d200,2,CasualSquat,VPCC,r02,d200,32,42,
441,23,BlueSpin_VPCC_r03_d200,2,BlueSpin,VPCC,r03,d200,28,37,
442,23,BlueSpin_VPCC_r02_d200,2,BlueSpin,VPCC,r02,d200,32,42,
443,23,ReadyForWinter_VPCC_r04_d200,3,ReadyForWinter,VPCC,r04,d200,20,27,
444,23,CasualSquat_VPCC_r05_d200,3,CasualSquat,VPCC,r05,d200,16,22,
445,23,FlowerDance_VPCC_r02_d200,2,FlowerDance,VPCC,r02,d200,32,42,
446,23,BlueSpin_VPCC_r05_d200,3,BlueSpin,VPCC,r05,d200,16,22,
447,23,BlueSpin_VPCC_r01_d200,1,BlueSpin,VPCC,r01,d200,36,47,
448,23,ReadyForWinter_VPCC_r01_d200,2,ReadyForWinter,VPCC,r01,d200,36,47,
449,23,FlowerDance_VPCC_r05_d200,3,FlowerDance,VPCC,r05,d200,16,22,
450,23,FlowerDance_VPCC_r01_d200,1,FlowerDance,VPCC,r01,d200,36,47,
451,23,FlowerDance_VPCC_r03_d200,3,FlowerDance,VPCC,r03,d200,28,37,
452,23,CasualSquat_VPCC_r03_d200,2,CasualSquat,VPCC,r03,d200,28,37,
453,23,ReadyForWinter_VPCC_r03_d200,3,ReadyForWinter,VPCC,r03,d200,28,37,
454,23,CasualSquat_VPCC_r04_d200,3,CasualSquat,VPCC,r04,d200,20,27,
455,23,ReadyForWinter_VPCC_r02_d200,2,ReadyForWinter,VPCC,r02,d200,32,42,
456,23,CasualSquat_VPCC_r01_d200,2,CasualSquat,VPCC,r01,d200,36,47,
457,23,ReadyForWinter_VPCC_r05_d200,4,ReadyForWinter,VPCC,r05,d200,16,22,
458,23,BlueSpin_VPCC_r04_d200,3,BlueSpin,VPCC,r04,d200,20,27,
459,23,FlowerDance_VPCC_r04_d200,2,FlowerDance,VPCC,r04,d200,20,27,
460,24,ReadyForWinter_VPCC_r04_d200,3,ReadyForWinter,VPCC,r04,d200,20,27,
461,24,BlueSpin_VPCC_r01_d200,1,BlueSpin,VPCC,r01,d200,36,47,
462,24,CasualSquat_VPCC_r04_d200,3,CasualSquat,VPCC,r04,d200,20,27,
463,24,FlowerDance_VPCC_r04_d200,5,FlowerDance,VPCC,r04,d200,20,27,
464,24,BlueSpin_VPCC_r02_d200,2,BlueSpin,VPCC,r02,d200,32,42,
465,24,CasualSquat_VPCC_r03_d200,4,CasualSquat,VPCC,r03,d200,28,37,
466,24,ReadyForWinter_VPCC_r03_d200,4,ReadyForWinter,VPCC,r03,d200,28,37,
467,24,ReadyForWinter_VPCC_r05_d200,4,ReadyForWinter,VPCC,r05,d200,16,22,
468,24,BlueSpin_VPCC_r04_d200,4,BlueSpin,VPCC,r04,d200,20,27,
469,24,BlueSpin_VPCC_r05_d200,5,BlueSpin,VPCC,r05,d200,16,22,
470,24,ReadyForWinter_VPCC_r01_d200,1,ReadyForWinter,VPCC,r01,d200,36,47,
471,24,FlowerDance_VPCC_r03_d200,2,FlowerDance,VPCC,r03,d200,28,37,
472,24,ReadyForWinter_VPCC_r02_d200,2,ReadyForWinter,VPCC,r02,d200,32,42,
473,24,FlowerDance_VPCC_r02_d200,3,FlowerDance,VPCC,r02,d200,32,42,
474,24,CasualSquat_VPCC_r02_d200,3,CasualSquat,VPCC,r02,d200,32,42,
475,24,FlowerDance_VPCC_r01_d200,2,FlowerDance,VPCC,r01,d200,36,47,
476,24,BlueSpin_VPCC_r03_d200,4,BlueSpin,VPCC,r03,d200,28,37,
477,24,CasualSquat_VPCC_r01_d200,2,CasualSquat,VPCC,r01,d200,36,47,
478,24,FlowerDance_VPCC_r05_d200,5,FlowerDance,VPCC,r05,d200,16,22,
479,24,CasualSquat_VPCC_r05_d200,4,CasualSquat,VPCC,r05,d200,16,22,
480,25,CasualSquat_VPCC_r03_d200,1,CasualSquat,VPCC,r03,d200,28,37,
481,25,ReadyForWinter_VPCC_r03_d200,2,ReadyForWinter,VPCC,r03,d200,28,37,
482,25,FlowerDance_VPCC_r02_d200,3,FlowerDance,VPCC,r02,d200,32,42,
483,25,ReadyForWinter_VPCC_r05_d200,5,ReadyForWinter,VPCC,r05,d200,16,22,
484,25,BlueSpin_VPCC_r03_d200,3,BlueSpin,VPCC,r03,d200,28,37,
485,25,ReadyForWinter_VPCC_r02_d200,2,ReadyForWinter,VPCC,r02,d200,32,42,
486,25,BlueSpin_VPCC_r04_d200,4,BlueSpin,VPCC,r04,d200,20,27,
487,25,FlowerDance_VPCC_r01_d200,2,FlowerDance,VPCC,r01,d200,36,47,
488,25,FlowerDance_VPCC_r05_d200,4,FlowerDance,VPCC,r05,d200,16,22,
489,25,ReadyForWinter_VPCC_r04_d200,3,ReadyForWinter,VPCC,r04,d200,20,27,
490,25,ReadyForWinter_VPCC_r01_d200,2,ReadyForWinter,VPCC,r01,d200,36,47,
491,25,BlueSpin_VPCC_r05_d200,3,BlueSpin,VPCC,r05,d200,16,22,
492,25,CasualSquat_VPCC_r02_d200,2,CasualSquat,VPCC,r02,d200,32,42,
493,25,BlueSpin_VPCC_r01_d200,1,BlueSpin,VPCC,r01,d200,36,47,
494,25,FlowerDance_VPCC_r03_d200,2,FlowerDance,VPCC,r03,d200,28,37,
495,25,CasualSquat_VPCC_r01_d200,2,CasualSquat,VPCC,r01,d200,36,47,
496,25,CasualSquat_VPCC_r05_d200,3,CasualSquat,VPCC,r05,d200,16,22,
497,25,FlowerDance_VPCC_r04_d200,2,FlowerDance,VPCC,r04,d200,20,27,
498,25,BlueSpin_VPCC_r02_d200,3,BlueSpin,VPCC,r02,d200,32,42,
499,25,CasualSquat_VPCC_r04_d200,4,CasualSquat,VPCC,r04,d200,20,27,
500,26,ReadyForWinter_VPCC_r04_d200,4,ReadyForWinter,VPCC,r04,d200,20,27,
501,26,ReadyForWinter_VPCC_r03_d200,2,ReadyForWinter,VPCC,r03,d200,28,37,
502,26,FlowerDance_VPCC_r05_d200,4,FlowerDance,VPCC,r05,d200,16,22,
503,26,BlueSpin_VPCC_r05_d200,3,BlueSpin,VPCC,r05,d200,16,22,
504,26,ReadyForWinter_VPCC_r01_d200,1,ReadyForWinter,VPCC,r01,d200,36,47,
505,26,CasualSquat_VPCC_r05_d200,3,CasualSquat,VPCC,r05,d200,16,22,
506,26,BlueSpin_VPCC_r04_d200,3,BlueSpin,VPCC,r04,d200,20,27,
507,26,BlueSpin_VPCC_r01_d200,2,BlueSpin,VPCC,r01,d200,36,47,
508,26,CasualSquat_VPCC_r04_d200,3,CasualSquat,VPCC,r04,d200,20,27,
509,26,FlowerDance_VPCC_r02_d200,3,FlowerDance,VPCC,r02,d200,32,42,
510,26,ReadyForWinter_VPCC_r02_d200,2,ReadyForWinter,VPCC,r02,d200,32,42,
511,26,BlueSpin_VPCC_r03_d200,3,BlueSpin,VPCC,r03,d200,28,37,
512,26,CasualSquat_VPCC_r01_d200,2,CasualSquat,VPCC,r01,d200,36,47,
513,26,ReadyForWinter_VPCC_r05_d200,3,ReadyForWinter,VPCC,r05,d200,16,22,
514,26,BlueSpin_VPCC_r02_d200,3,BlueSpin,VPCC,r02,d200,32,42,
515,26,FlowerDance_VPCC_r04_d200,4,FlowerDance,VPCC,r04,d200,20,27,
516,26,CasualSquat_VPCC_r03_d200,3,CasualSquat,VPCC,r03,d200,28,37,
517,26,FlowerDance_VPCC_r03_d200,4,FlowerDance,VPCC,r03,d200,28,37,
518,26,FlowerDance_VPCC_r01_d200,2,FlowerDance,VPCC,r01,d200,36,47,
519,26,CasualSquat_VPCC_r02_d200,3,CasualSquat,VPCC,r02,d200,32,42,
520,27,FlowerDance_VPCC_r05_d200,3,FlowerDance,VPCC,r05,d200,16,22,
521,27,FlowerDance_VPCC_r04_d200,3,FlowerDance,VPCC,r04,d200,20,27,
522,27,FlowerDance_VPCC_r02_d200,2,FlowerDance,VPCC,r02,d200,32,42,
523,27,ReadyForWinter_VPCC_r04_d200,4,ReadyForWinter,VPCC,r04,d200,20,27,
524,27,CasualSquat_VPCC_r03_d200,2,CasualSquat,VPCC,r03,d200,28,37,
525,27,CasualSquat_VPCC_r05_d200,3,CasualSquat,VPCC,r05,d200,16,22,
526,27,CasualSquat_VPCC_r01_d200,1,CasualSquat,VPCC,r01,d200,36,47,
527,27,BlueSpin_VPCC_r05_d200,4,BlueSpin,VPCC,r05,d200,16,22,
528,27,ReadyForWinter_VPCC_r01_d200,1,ReadyForWinter,VPCC,r01,d200,36,47,
529,27,FlowerDance_VPCC_r01_d200,2,FlowerDance,VPCC,r01,d200,36,47,
530,27,ReadyForWinter_VPCC_r02_d200,2,ReadyForWinter,VPCC,r02,d200,32,42,
531,27,BlueSpin_VPCC_r02_d200,2,BlueSpin,VPCC,r02,d200,32,42,
532,27,CasualSquat_VPCC_r04_d200,4,CasualSquat,VPCC,r04,d200,20,27,
533,27,FlowerDance_VPCC_r03_d200,3,FlowerDance,VPCC,r03,d200,28,37,
534,27,CasualSquat_VPCC_r02_d200,2,CasualSquat,VPCC,r02,d200,32,42,
535,27,ReadyForWinter_VPCC_r05_d200,4,ReadyForWinter,VPCC,r05,d200,16,22,
536,27,BlueSpin_VPCC_r04_d200,3,BlueSpin,VPCC,r04,d200,20,27,
537,27,BlueSpin_VPCC_r01_d200,1,BlueSpin,VPCC,r01,d200,36,47,
538,27,BlueSpin_VPCC_r03_d200,2,BlueSpin,VPCC,r03,d200,28,37,
539,27,ReadyForWinter_VPCC_r03_d200,3,ReadyForWinter,VPCC,r03,d200,28,37,
540,28,ReadyForWinter_VPCC_r03_d200,3,ReadyForWinter,VPCC,r03,d200,28,37,
541,28,BlueSpin_VPCC_r01_d200,2,BlueSpin,VPCC,r01,d200,36,47,
542,28,BlueSpin_VPCC_r05_d200,3,BlueSpin,VPCC,r05,d200,16,22,
543,28,CasualSquat_VPCC_r01_d200,2,CasualSquat,VPCC,r01,d200,36,47,
544,28,ReadyForWinter_VPCC_r04_d200,3,ReadyForWinter,VPCC,r04,d200,20,27,
545,28,CasualSquat_VPCC_r03_d200,3,CasualSquat,VPCC,r03,d200,28,37,
546,28,FlowerDance_VPCC_r03_d200,2,FlowerDance,VPCC,r03,d200,28,37,
547,28,ReadyForWinter_VPCC_r02_d200,3,ReadyForWinter,VPCC,r02,d200,32,42,
548,28,BlueSpin_VPCC_r02_d200,2,BlueSpin,VPCC,r02,d200,32,42,
549,28,ReadyForWinter_VPCC_r01_d200,2,ReadyForWinter,VPCC,r01,d200,36,47,
550,28,BlueSpin_VPCC_r04_d200,4,BlueSpin,VPCC,r04,d200,20,27,
551,28,BlueSpin_VPCC_r03_d200,3,BlueSpin,VPCC,r03,d200,28,37,
552,28,CasualSquat_VPCC_r04_d200,3,CasualSquat,VPCC,r04,d200,20,27,
553,28,ReadyForWinter_VPCC_r05_d200,4,ReadyForWinter,VPCC,r05,d200,16,22,
554,28,CasualSquat_VPCC_r02_d200,3,CasualSquat,VPCC,r02,d200,32,42,
555,28,FlowerDance_VPCC_r04_d200,4,FlowerDance,VPCC,r04,d200,20,27,
556,28,FlowerDance_VPCC_r02_d200,3,FlowerDance,VPCC,r02,d200,32,42,
557,28,FlowerDance_VPCC_r01_d200,3,FlowerDance,VPCC,r01,d200,36,47,
558,28,FlowerDance_VPCC_r05_d200,4,FlowerDance,VPCC,r05,d200,16,22,
559,28,CasualSquat_VPCC_r05_d200,5,CasualSquat,VPCC,r05,d200,16,22,
560,29,ReadyForWinter_VPCC_r01_d200,2,ReadyForWinter,VPCC,r01,d200,36,47,
561,29,FlowerDance_VPCC_r01_d200,2,FlowerDance,VPCC,r01,d200,36,47,
562,29,CasualSquat_VPCC_r05_d200,3,CasualSquat,VPCC,r05,d200,16,22,
563,29,CasualSquat_VPCC_r02_d200,2,CasualSquat,VPCC,r02,d200,32,42,
564,29,BlueSpin_VPCC_r01_d200,2,BlueSpin,VPCC,r01,d200,36,47,
565,29,FlowerDance_VPCC_r03_d200,3,FlowerDance,VPCC,r03,d200,28,37,
566,29,BlueSpin_VPCC_r03_d200,3,BlueSpin,VPCC,r03,d200,28,37,
567,29,ReadyForWinter_VPCC_r02_d200,1,ReadyForWinter,VPCC,r02,d200,32,42,
568,29,ReadyForWinter_VPCC_r05_d200,4,ReadyForWinter,VPCC,r05,d200,16,22,
569,29,CasualSquat_VPCC_r04_d200,3,CasualSquat,VPCC,r04,d200,20,27,
570,29,BlueSpin_VPCC_r05_d200,3,BlueSpin,VPCC,r05,d200,16,22,
571,29,BlueSpin_VPCC_r04_d200,3,BlueSpin,VPCC,r04,d200,20,27,
572,29,BlueSpin_VPCC_r02_d200,2,BlueSpin,VPCC,r02,d200,32,42,
573,29,FlowerDance_VPCC_r04_d200,3,FlowerDance,VPCC,r04,d200,20,27,
574,29,ReadyForWinter_VPCC_r03_d200,3,ReadyForWinter,VPCC,r03,d200,28,37,
575,29,ReadyForWinter_VPCC_r04_d200,3,ReadyForWinter,VPCC,r04,d200,20,27,
576,29,FlowerDance_VPCC_r05_d200,4,FlowerDance,VPCC,r05,d200,16,22,
577,29,FlowerDance_VPCC_r02_d200,2,FlowerDance,VPCC,r02,d200,32,42,
578,29,CasualSquat_VPCC_r03_d200,2,CasualSquat,VPCC,r03,d200,28,37,
579,29,CasualSquat_VPCC_r01_d200,2,CasualSquat,VPCC,r01,d200,36,47,
580,30,FlowerDance_VPCC_r01_d200,2,FlowerDance,VPCC,r01,d200,36,47,
581,30,ReadyForWinter_VPCC_r02_d200,2,ReadyForWinter,VPCC,r02,d200,32,42,
582,30,CasualSquat_VPCC_r03_d200,4,CasualSquat,VPCC,r03,d200,28,37,
583,30,FlowerDance_VPCC_r05_d200,4,FlowerDance,VPCC,r05,d200,16,22,
584,30,BlueSpin_VPCC_r05_d200,4,BlueSpin,VPCC,r05,d200,16,22,
585,30,BlueSpin_VPCC_r03_d200,2,BlueSpin,VPCC,r03,d200,28,37,
586,30,FlowerDance_VPCC_r04_d200,4,FlowerDance,VPCC,r04,d200,20,27,
587,30,BlueSpin_VPCC_r01_d200,2,BlueSpin,VPCC,r01,d200,36,47,
588,30,BlueSpin_VPCC_r02_d200,3,BlueSpin,VPCC,r02,d200,32,42,
589,30,CasualSquat_VPCC_r04_d200,5,CasualSquat,VPCC,r04,d200,20,27,
590,30,CasualSquat_VPCC_r02_d200,4,CasualSquat,VPCC,r02,d200,32,42,
591,30,ReadyForWinter_VPCC_r05_d200,4,ReadyForWinter,VPCC,r05,d200,16,22,
592,30,ReadyForWinter_VPCC_r03_d200,3,ReadyForWinter,VPCC,r03,d200,28,37,
593,30,ReadyForWinter_VPCC_r01_d200,2,ReadyForWinter,VPCC,r01,d200,36,47,
594,30,FlowerDance_VPCC_r02_d200,2,FlowerDance,VPCC,r02,d200,32,42,
595,30,FlowerDance_VPCC_r03_d200,4,FlowerDance,VPCC,r03,d200,28,37,
596,30,BlueSpin_VPCC_r04_d200,4,BlueSpin,VPCC,r04,d200,20,27,
597,30,CasualSquat_VPCC_r01_d200,3,CasualSquat,VPCC,r01,d200,36,47,
598,30,ReadyForWinter_VPCC_r04_d200,3,ReadyForWinter,VPCC,r04,d200,20,27,
599,30,CasualSquat_VPCC_r05_d200,4,CasualSquat,VPCC,r05,d200,16,22,
600,31,ReadyForWinter_VPCC_r05_d200,3,ReadyForWinter,VPCC,r05,d200,16,22,
601,31,ReadyForWinter_VPCC_r04_d200,3,ReadyForWinter,VPCC,r04,d200,20,27,
602,31,BlueSpin_VPCC_r02_d200,1,BlueSpin,VPCC,r02,d200,32,42,
603,31,FlowerDance_VPCC_r05_d200,3,FlowerDance,VPCC,r05,d200,16,22,
604,31,BlueSpin_VPCC_r05_d200,2,BlueSpin,VPCC,r05,d200,16,22,
605,31,BlueSpin_VPCC_r04_d200,3,BlueSpin,VPCC,r04,d200,20,27,
606,31,FlowerDance_VPCC_r04_d200,2,FlowerDance,VPCC,r04,d200,20,27,
607,31,FlowerDance_VPCC_r02_d200,1,FlowerDance,VPCC,r02,d200,32,42,
608,31,ReadyForWinter_VPCC_r01_d200,1,ReadyForWinter,VPCC,r01,d200,36,47,
609,31,FlowerDance_VPCC_r01_d200,1,FlowerDance,VPCC,r01,d200,36,47,
610,31,ReadyForWinter_VPCC_r03_d200,2,ReadyForWinter,VPCC,r03,d200,28,37,
611,31,CasualSquat_VPCC_r03_d200,1,CasualSquat,VPCC,r03,d200,28,37,
612,31,BlueSpin_VPCC_r03_d200,2,BlueSpin,VPCC,r03,d200,28,37,
613,31,CasualSquat_VPCC_r02_d200,2,CasualSquat,VPCC,r02,d200,32,42,
614,31,BlueSpin_VPCC_r01_d200,1,BlueSpin,VPCC,r01,d200,36,47,
615,31,CasualSquat_VPCC_r01_d200,1,CasualSquat,VPCC,r01,d200,36,47,
616,31,CasualSquat_VPCC_r05_d200,2,CasualSquat,VPCC,r05,d200,16,22,
617,31,ReadyForWinter_VPCC_r02_d200,1,ReadyForWinter,VPCC,r02,d200,32,42,
618,31,CasualSquat_VPCC_r04_d200,3,CasualSquat,VPCC,r04,d200,20,27,
619,31,FlowerDance_VPCC_r03_d200,2,FlowerDance,VPCC,r03,d200,28,37,
620,32,FlowerDance_VPCC_r04_d200,4,FlowerDance,VPCC,r04,d200,20,27,
621,32,ReadyForWinter_VPCC_r01_d200,2,ReadyForWinter,VPCC,r01,d200,36,47,
622,32,FlowerDance_VPCC_r02_d200,3,FlowerDance,VPCC,r02,d200,32,42,
623,32,ReadyForWinter_VPCC_r02_d200,2,ReadyForWinter,VPCC,r02,d200,32,42,
624,32,CasualSquat_VPCC_r02_d200,3,CasualSquat,VPCC,r02,d200,32,42,
625,32,BlueSpin_VPCC_r02_d200,2,BlueSpin,VPCC,r02,d200,32,42,
626,32,FlowerDance_VPCC_r03_d200,3,FlowerDance,VPCC,r03,d200,28,37,
627,32,ReadyForWinter_VPCC_r05_d200,4,ReadyForWinter,VPCC,r05,d200,16,22,
628,32,BlueSpin_VPCC_r04_d200,4,BlueSpin,VPCC,r04,d200,20,27,
629,32,ReadyForWinter_VPCC_r04_d200,4,ReadyForWinter,VPCC,r04,d200,20,27,
630,32,ReadyForWinter_VPCC_r03_d200,3,ReadyForWinter,VPCC,r03,d200,28,37,
631,32,FlowerDance_VPCC_r01_d200,2,FlowerDance,VPCC,r01,d200,36,47,
632,32,CasualSquat_VPCC_r04_d200,3,CasualSquat,VPCC,r04,d200,20,27,
633,32,BlueSpin_VPCC_r01_d200,2,BlueSpin,VPCC,r01,d200,36,47,
634,32,BlueSpin_VPCC_r05_d200,3,BlueSpin,VPCC,r05,d200,16,22,
635,32,FlowerDance_VPCC_r05_d200,4,FlowerDance,VPCC,r05,d200,16,22,
636,32,CasualSquat_VPCC_r03_d200,3,CasualSquat,VPCC,r03,d200,28,37,
637,32,CasualSquat_VPCC_r05_d200,3,CasualSquat,VPCC,r05,d200,16,22,
638,32,CasualSquat_VPCC_r01_d200,2,CasualSquat,VPCC,r01,d200,36,47,
639,32,BlueSpin_VPCC_r03_d200,3,BlueSpin,VPCC,r03,d200,28,37,
640,33,FlowerDance_VPCC_r05_d200,4,FlowerDance,VPCC,r05,d200,16,22,
641,33,BlueSpin_VPCC_r03_d200,3,BlueSpin,VPCC,r03,d200,28,37,
642,33,ReadyForWinter_VPCC_r04_d200,3,ReadyForWinter,VPCC,r04,d200,20,27,
643,33,CasualSquat_VPCC_r02_d200,2,CasualSquat,VPCC,r02,d200,32,42,
644,33,BlueSpin_VPCC_r05_d200,3,BlueSpin,VPCC,r05,d200,16,22,
645,33,CasualSquat_VPCC_r05_d200,5,CasualSquat,VPCC,r05,d200,16,22,
646,33,FlowerDance_VPCC_r01_d200,1,FlowerDance,VPCC,r01,d200,36,47,
647,33,ReadyForWinter_VPCC_r05_d200,3,ReadyForWinter,VPCC,r05,d200,16,22,
648,33,BlueSpin_VPCC_r04_d200,3,BlueSpin,VPCC,r04,d200,20,27,
649,33,ReadyForWinter_VPCC_r02_d200,2,ReadyForWinter,VPCC,r02,d200,32,42,
650,33,CasualSquat_VPCC_r03_d200,3,CasualSquat,VPCC,r03,d200,28,37,
651,33,BlueSpin_VPCC_r02_d200,2,BlueSpin,VPCC,r02,d200,32,42,
652,33,FlowerDance_VPCC_r02_d200,2,FlowerDance,VPCC,r02,d200,32,42,
653,33,FlowerDance_VPCC_r03_d200,3,FlowerDance,VPCC,r03,d200,28,37,
654,33,ReadyForWinter_VPCC_r03_d200,2,ReadyForWinter,VPCC,r03,d200,28,37,
655,33,CasualSquat_VPCC_r01_d200,3,CasualSquat,VPCC,r01,d200,36,47,
656,33,BlueSpin_VPCC_r01_d200,2,BlueSpin,VPCC,r01,d200,36,47,
657,33,CasualSquat_VPCC_r04_d200,4,CasualSquat,VPCC,r04,d200,20,27,
658,33,ReadyForWinter_VPCC_r01_d200,2,ReadyForWinter,VPCC,r01,d200,36,47,
659,33,FlowerDance_VPCC_r04_d200,4,FlowerDance,VPCC,r04,d200,20,27,
660,34,FlowerDance_VPCC_r04_d200,3,FlowerDance,VPCC,r04,d200,20,27,
661,34,BlueSpin_VPCC_r01_d200,1,BlueSpin,VPCC,r01,d200,36,47,
662,34,BlueSpin_VPCC_r03_d200,1,BlueSpin,VPCC,r03,d200,28,37,
663,34,ReadyForWinter_VPCC_r03_d200,1,ReadyForWinter,VPCC,r03,d200,28,37,
664,34,FlowerDance_VPCC_r03_d200,2,FlowerDance,VPCC,r03,d200,28,37,
665,34,FlowerDance_VPCC_r05_d200,3,FlowerDance,VPCC,r05,d200,16,22,
666,34,CasualSquat_VPCC_r05_d200,3,CasualSquat,VPCC,r05,d200,16,22,
667,34,ReadyForWinter_VPCC_r01_d200,1,ReadyForWinter,VPCC,r01,d200,36,47,
668,34,ReadyForWinter_VPCC_r02_d200,2,ReadyForWinter,VPCC,r02,d200,32,42,
669,34,CasualSquat_VPCC_r02_d200,3,CasualSquat,VPCC,r02,d200,32,42,
670,34,CasualSquat_VPCC_r04_d200,3,CasualSquat,VPCC,r04,d200,20,27,
671,34,FlowerDance_VPCC_r01_d200,2,FlowerDance,VPCC,r01,d200,36,47,
672,34,BlueSpin_VPCC_r02_d200,2,BlueSpin,VPCC,r02,d200,32,42,
673,34,BlueSpin_VPCC_r05_d200,2,BlueSpin,VPCC,r05,d200,16,22,
674,34,FlowerDance_VPCC_r02_d200,3,FlowerDance,VPCC,r02,d200,32,42,
675,34,ReadyForWinter_VPCC_r05_d200,4,ReadyForWinter,VPCC,r05,d200,16,22,
676,34,CasualSquat_VPCC_r03_d200,3,CasualSquat,VPCC,r03,d200,28,37,
677,34,ReadyForWinter_VPCC_r04_d200,3,ReadyForWinter,VPCC,r04,d200,20,27,
678,34,BlueSpin_VPCC_r04_d200,2,BlueSpin,VPCC,r04,d200,20,27,
679,34,CasualSquat_VPCC_r01_d200,3,CasualSquat,VPCC,r01,d200,36,47,
680,35,ReadyForWinter_VPCC_r01_d200,2,ReadyForWinter,VPCC,r01,d200,36,47,
681,35,CasualSquat_VPCC_r05_d200,5,CasualSquat,VPCC,r05,d200,16,22,
682,35,ReadyForWinter_VPCC_r03_d200,3,ReadyForWinter,VPCC,r03,d200,28,37,
683,35,CasualSquat_VPCC_r02_d200,3,CasualSquat,VPCC,r02,d200,32,42,
684,35,BlueSpin_VPCC_r02_d200,2,BlueSpin,VPCC,r02,d200,32,42,
685,35,FlowerDance_VPCC_r02_d200,2,FlowerDance,VPCC,r02,d200,32,42,
686,35,ReadyForWinter_VPCC_r04_d200,5,ReadyForWinter,VPCC,r04,d200,20,27,
687,35,BlueSpin_VPCC_r05_d200,3,BlueSpin,VPCC,r05,d200,16,22,
688,35,FlowerDance_VPCC_r05_d200,5,FlowerDance,VPCC,r05,d200,16,22,
689,35,CasualSquat_VPCC_r03_d200,5,CasualSquat,VPCC,r03,d200,28,37,
690,35,BlueSpin_VPCC_r04_d200,3,BlueSpin,VPCC,r04,d200,20,27,
691,35,FlowerDance_VPCC_r04_d200,3,FlowerDance,VPCC,r04,d200,20,27,
692,35,FlowerDance_VPCC_r03_d200,5,FlowerDance,VPCC,r03,d200,28,37,
693,35,BlueSpin_VPCC_r03_d200,3,BlueSpin,VPCC,r03,d200,28,37,
694,35,CasualSquat_VPCC_r01_d200,1,CasualSquat,VPCC,r01,d200,36,47,
695,35,CasualSquat_VPCC_r04_d200,4,CasualSquat,VPCC,r04,d200,20,27,
696,35,ReadyForWinter_VPCC_r02_d200,2,ReadyForWinter,VPCC,r02,d200,32,42,
697,35,FlowerDance_VPCC_r01_d200,3,FlowerDance,VPCC,r01,d200,36,47,
698,35,ReadyForWinter_VPCC_r05_d200,1,ReadyForWinter,VPCC,r05,d200,16,22,
699,35,BlueSpin_VPCC_r01_d200,1,BlueSpin,VPCC,r01,d200,36,47,
700,36,CasualSquat_VPCC_r04_d200,3,CasualSquat,VPCC,r04,d200,20,27,
701,36,CasualSquat_VPCC_r01_d200,1,CasualSquat,VPCC,r01,d200,36,47,
702,36,BlueSpin_VPCC_r04_d200,3,BlueSpin,VPCC,r04,d200,20,27,
703,36,BlueSpin_VPCC_r03_d200,3,BlueSpin,VPCC,r03,d200,28,37,
704,36,ReadyForWinter_VPCC_r01_d200,2,ReadyForWinter,VPCC,r01,d200,36,47,
705,36,ReadyForWinter_VPCC_r04_d200,2,ReadyForWinter,VPCC,r04,d200,20,27,
706,36,BlueSpin_VPCC_r01_d200,1,BlueSpin,VPCC,r01,d200,36,47,
707,36,FlowerDance_VPCC_r04_d200,2,FlowerDance,VPCC,r04,d200,20,27,
708,36,ReadyForWinter_VPCC_r02_d200,1,ReadyForWinter,VPCC,r02,d200,32,42,
709,36,FlowerDance_VPCC_r03_d200,2,FlowerDance,VPCC,r03,d200,28,37,
710,36,BlueSpin_VPCC_r05_d200,4,BlueSpin,VPCC,r05,d200,16,22,
711,36,CasualSquat_VPCC_r05_d200,3,CasualSquat,VPCC,r05,d200,16,22,
712,36,FlowerDance_VPCC_r01_d200,1,FlowerDance,VPCC,r01,d200,36,47,
713,36,ReadyForWinter_VPCC_r05_d200,2,ReadyForWinter,VPCC,r05,d200,16,22,
714,36,FlowerDance_VPCC_r02_d200,1,FlowerDance,VPCC,r02,d200,32,42,
715,36,CasualSquat_VPCC_r03_d200,2,CasualSquat,VPCC,r03,d200,28,37,
716,36,FlowerDance_VPCC_r05_d200,3,FlowerDance,VPCC,r05,d200,16,22,
717,36,BlueSpin_VPCC_r02_d200,1,BlueSpin,VPCC,r02,d200,32,42,
718,36,CasualSquat_VPCC_r02_d200,2,CasualSquat,VPCC,r02,d200,32,42,
719,36,ReadyForWinter_VPCC_r03_d200,2,ReadyForWinter,VPCC,r03,d200,28,37,
720,37,BlueSpin_VPCC_r01_d200,3,BlueSpin,VPCC,r01,d200,36,47,
721,37,ReadyForWinter_VPCC_r02_d200,4,ReadyForWinter,VPCC,r02,d200,32,42,
722,37,ReadyForWinter_VPCC_r01_d200,3,ReadyForWinter,VPCC,r01,d200,36,47,
723,37,CasualSquat_VPCC_r01_d200,2,CasualSquat,VPCC,r01,d200,36,47,
724,37,ReadyForWinter_VPCC_r05_d200,5,ReadyForWinter,VPCC,r05,d200,16,22,
725,37,FlowerDance_VPCC_r03_d200,4,FlowerDance,VPCC,r03,d200,28,37,
726,37,CasualSquat_VPCC_r02_d200,3,CasualSquat,VPCC,r02,d200,32,42,
727,37,FlowerDance_VPCC_r01_d200,2,FlowerDance,VPCC,r01,d200,36,47,
728,37,CasualSquat_VPCC_r04_d200,4,CasualSquat,VPCC,r04,d200,20,27,
729,37,BlueSpin_VPCC_r03_d200,3,BlueSpin,VPCC,r03,d200,28,37,
730,37,FlowerDance_VPCC_r02_d200,3,FlowerDance,VPCC,r02,d200,32,42,
731,37,ReadyForWinter_VPCC_r03_d200,3,ReadyForWinter,VPCC,r03,d200,28,37,
732,37,FlowerDance_VPCC_r04_d200,3,FlowerDance,VPCC,r04,d200,20,27,
733,37,ReadyForWinter_VPCC_r04_d200,3,ReadyForWinter,VPCC,r04,d200,20,27,
734,37,FlowerDance_VPCC_r05_d200,3,FlowerDance,VPCC,r05,d200,16,22,
735,37,CasualSquat_VPCC_r05_d200,3,CasualSquat,VPCC,r05,d200,16,22,
736,37,BlueSpin_VPCC_r04_d200,3,BlueSpin,VPCC,r04,d200,20,27,
737,37,BlueSpin_VPCC_r02_d200,3,BlueSpin,VPCC,r02,d200,32,42,
738,37,CasualSquat_VPCC_r03_d200,4,CasualSquat,VPCC,r03,d200,28,37,
739,37,BlueSpin_VPCC_r05_d200,4,BlueSpin,VPCC,r05,d200,16,22,
740,38,ReadyForWinter_VPCC_r05_d200,4,ReadyForWinter,VPCC,r05,d200,16,22,
741,38,CasualSquat_VPCC_r01_d200,3,CasualSquat,VPCC,r01,d200,36,47,
742,38,ReadyForWinter_VPCC_r02_d200,2,ReadyForWinter,VPCC,r02,d200,32,42,
743,38,FlowerDance_VPCC_r04_d200,3,FlowerDance,VPCC,r04,d200,20,27,
744,38,FlowerDance_VPCC_r03_d200,2,FlowerDance,VPCC,r03,d200,28,37,
745,38,CasualSquat_VPCC_r02_d200,3,CasualSquat,VPCC,r02,d200,32,42,
746,38,ReadyForWinter_VPCC_r01_d200,1,ReadyForWinter,VPCC,r01,d200,36,47,
747,38,CasualSquat_VPCC_r03_d200,1,CasualSquat,VPCC,r03,d200,28,37,
748,38,FlowerDance_VPCC_r01_d200,1,FlowerDance,VPCC,r01,d200,36,47,
749,38,BlueSpin_VPCC_r05_d200,2,BlueSpin,VPCC,r05,d200,16,22,
750,38,FlowerDance_VPCC_r05_d200,3,FlowerDance,VPCC,r05,d200,16,22,
751,38,ReadyForWinter_VPCC_r04_d200,4,ReadyForWinter,VPCC,r04,d200,20,27,
752,38,CasualSquat_VPCC_r04_d200,3,CasualSquat,VPCC,r04,d200,20,27,
753,38,FlowerDance_VPCC_r02_d200,2,FlowerDance,VPCC,r02,d200,32,42,
754,38,BlueSpin_VPCC_r01_d200,1,BlueSpin,VPCC,r01,d200,36,47,
755,38,BlueSpin_VPCC_r04_d200,3,BlueSpin,VPCC,r04,d200,20,27,
756,38,ReadyForWinter_VPCC_r03_d200,2,ReadyForWinter,VPCC,r03,d200,28,37,
757,38,BlueSpin_VPCC_r03_d200,2,BlueSpin,VPCC,r03,d200,28,37,
758,38,CasualSquat_VPCC_r05_d200,2,CasualSquat,VPCC,r05,d200,16,22,
759,38,BlueSpin_VPCC_r02_d200,2,BlueSpin,VPCC,r02,d200,32,42,
760,39,CasualSquat_VPCC_r05_d200,3,CasualSquat,VPCC,r05,d200,16,22,
761,39,BlueSpin_VPCC_r03_d200,2,BlueSpin,VPCC,r03,d200,28,37,
762,39,ReadyForWinter_VPCC_r04_d200,3,ReadyForWinter,VPCC,r04,d200,20,27,
763,39,ReadyForWinter_VPCC_r02_d200,1,ReadyForWinter,VPCC,r02,d200,32,42,
764,39,BlueSpin_VPCC_r01_d200,1,BlueSpin,VPCC,r01,d200,36,47,
765,39,FlowerDance_VPCC_r04_d200,3,FlowerDance,VPCC,r04,d200,20,27,
766,39,BlueSpin_VPCC_r02_d200,2,BlueSpin,VPCC,r02,d200,32,42,
767,39,FlowerDance_VPCC_r02_d200,2,FlowerDance,VPCC,r02,d200,32,42,
768,39,BlueSpin_VPCC_r05_d200,3,BlueSpin,VPCC,r05,d200,16,22,
769,39,FlowerDance_VPCC_r01_d200,1,FlowerDance,VPCC,r01,d200,36,47,
770,39,FlowerDance_VPCC_r03_d200,2,FlowerDance,VPCC,r03,d200,28,37,
771,39,ReadyForWinter_VPCC_r01_d200,1,ReadyForWinter,VPCC,r01,d200,36,47,
772,39,CasualSquat_VPCC_r03_d200,3,CasualSquat,VPCC,r03,d200,28,37,
773,39,BlueSpin_VPCC_r04_d200,2,BlueSpin,VPCC,r04,d200,20,27,
774,39,ReadyForWinter_VPCC_r05_d200,3,ReadyForWinter,VPCC,r05,d200,16,22,
775,39,CasualSquat_VPCC_r04_d200,4,CasualSquat,VPCC,r04,d200,20,27,
776,39,CasualSquat_VPCC_r01_d200,1,CasualSquat,VPCC,r01,d200,36,47,
777,39,ReadyForWinter_VPCC_r03_d200,2,ReadyForWinter,VPCC,r03,d200,28,37,
778,39,FlowerDance_VPCC_r05_d200,4,FlowerDance,VPCC,r05,d200,16,22,
779,39,CasualSquat_VPCC_r02_d200,2,CasualSquat,VPCC,r02,d200,32,42,
780,40,FlowerDance_VPCC_r02_d200,3,FlowerDance,VPCC,r02,d200,32,42,
781,40,CasualSquat_VPCC_r01_d200,2,CasualSquat,VPCC,r01,d200,36,47,
782,40,FlowerDance_VPCC_r05_d200,4,FlowerDance,VPCC,r05,d200,16,22,
783,40,CasualSquat_VPCC_r05_d200,4,CasualSquat,VPCC,r05,d200,16,22,
784,40,FlowerDance_VPCC_r01_d200,1,FlowerDance,VPCC,r01,d200,36,47,
785,40,ReadyForWinter_VPCC_r03_d200,3,ReadyForWinter,VPCC,r03,d200,28,37,
786,40,CasualSquat_VPCC_r04_d200,4,CasualSquat,VPCC,r04,d200,20,27,
787,40,CasualSquat_VPCC_r02_d200,3,CasualSquat,VPCC,r02,d200,32,42,
788,40,CasualSquat_VPCC_r03_d200,3,CasualSquat,VPCC,r03,d200,28,37,
789,40,BlueSpin_VPCC_r03_d200,3,BlueSpin,VPCC,r03,d200,28,37,
790,40,FlowerDance_VPCC_r03_d200,3,FlowerDance,VPCC,r03,d200,28,37,
791,40,ReadyForWinter_VPCC_r04_d200,4,ReadyForWinter,VPCC,r04,d200,20,27,
792,40,BlueSpin_VPCC_r02_d200,3,BlueSpin,VPCC,r02,d200,32,42,
793,40,FlowerDance_VPCC_r04_d200,4,FlowerDance,VPCC,r04,d200,20,27,
794,40,ReadyForWinter_VPCC_r02_d200,2,ReadyForWinter,VPCC,r02,d200,32,42,
795,40,ReadyForWinter_VPCC_r05_d200,4,ReadyForWinter,VPCC,r05,d200,16,22,
796,40,BlueSpin_VPCC_r05_d200,4,BlueSpin,VPCC,r05,d200,16,22,
797,40,ReadyForWinter_VPCC_r01_d200,1,ReadyForWinter,VPCC,r01,d200,36,47,
798,40,BlueSpin_VPCC_r04_d200,3,BlueSpin,VPCC,r04,d200,20,27,
799,40,BlueSpin_VPCC_r01_d200,1,BlueSpin,VPCC,r01,d200,36,47,
800,41,FlowerDance_VPCC_r02_d200,4,FlowerDance,VPCC,r02,d200,32,42,
801,41,CasualSquat_VPCC_r01_d200,1,CasualSquat,VPCC,r01,d200,36,47,
802,41,ReadyForWinter_VPCC_r01_d200,2,ReadyForWinter,VPCC,r01,d200,36,47,
803,41,ReadyForWinter_VPCC_r04_d200,3,ReadyForWinter,VPCC,r04,d200,20,27,
804,41,FlowerDance_VPCC_r05_d200,5,FlowerDance,VPCC,r05,d200,16,22,
805,41,FlowerDance_VPCC_r03_d200,4,FlowerDance,VPCC,r03,d200,28,37,
806,41,CasualSquat_VPCC_r03_d200,5,CasualSquat,VPCC,r03,d200,28,37,
807,41,BlueSpin_VPCC_r04_d200,4,BlueSpin,VPCC,r04,d200,20,27,
808,41,ReadyForWinter_VPCC_r05_d200,4,ReadyForWinter,VPCC,r05,d200,16,22,
809,41,BlueSpin_VPCC_r05_d200,4,BlueSpin,VPCC,r05,d200,16,22,
810,41,FlowerDance_VPCC_r04_d200,4,FlowerDance,VPCC,r04,d200,20,27,
811,41,CasualSquat_VPCC_r04_d200,4,CasualSquat,VPCC,r04,d200,20,27,
812,41,BlueSpin_VPCC_r03_d200,3,BlueSpin,VPCC,r03,d200,28,37,
813,41,ReadyForWinter_VPCC_r02_d200,2,ReadyForWinter,VPCC,r02,d200,32,42,
814,41,CasualSquat_VPCC_r02_d200,3,CasualSquat,VPCC,r02,d200,32,42,
815,41,FlowerDance_VPCC_r01_d200,2,FlowerDance,VPCC,r01,d200,36,47,
816,41,BlueSpin_VPCC_r01_d200,2,BlueSpin,VPCC,r01,d200,36,47,
817,41,BlueSpin_VPCC_r02_d200,2,BlueSpin,VPCC,r02,d200,32,42,
818,41,ReadyForWinter_VPCC_r03_d200,4,ReadyForWinter,VPCC,r03,d200,28,37,
819,41,CasualSquat_VPCC_r05_d200,5,CasualSquat,VPCC,r05,d200,16,22,
